tracktype,length
grade1,2.694307420383165
grade2,55.625003096170026
grade3,130.60837569653634
grade4,52.48373421526127
grade5,238.6937197507416
