smoothness,length
bad,1094.8629166614762
good,8.675667150409382
horrible,38.46023282474853
very_bad,450.5277614795114
