tracktype,length
BS,0.006562684848925682
Bitumé,2.2009952415679708
grade1,7.030343875137262
grade2,140.462049074393
grade3,406.5787643164603
grade4,124.66744266606806
grade5,76.95638270734656
