tracktype,length
3,7.332064229221555
grade,1.778607755571533
grade1,48.23278896518204
grade2,2082.6844240466653
grade3,2012.589687457787
grade4,276.0197345946678
grade5,72.34739778179703
