tracktype,length
grade3,23.332840693370066
grade5,0.24126714073340036
