smoothness,length
bad,20.987377740627927
excellent,0.6326623448446458
good,3.4899606662898113
horrible,3.2644246892078588
intermediate,36.007831739330946
poor,1.3934791276908207
