tracktype,length
Principale,4.964161360935652
grade1,2755.936830085056
grade1;grade2,16.950032712506076
grade2,5485.434769138439
grade3,1352.5451455722684
grade4,108.84123768249906
grade5,185.0212812731049
