tracktype,length
grad4,0.6179650913608965
grade1,11.928656599566864
grade2,273.0982040867282
grade3,103.22491960910233
grade4,111.21472733236705
grade5,64.50979213525117
