smoothness,length
bad,7.548952482938039
horrible,6.6898543785066895
impassable,0.5990985055485293
intermediate,0.7244704726548775
very_bad,6.0596702033653385
