tracktype,length
grade1,5.702494124813384
grade2,33.87849256976634
grade3,306.3422538284593
grade4,194.94987039334148
grade5,6.4009171995401255
