smoothness,length
bad,101.88300069159932
horrible,69.92752576043745
very_bad,44.41920377327429
very_horrible,116.42350268333438
