smoothness,length
bad,86.24196204337633
horrible,6209.0005676626415
impassable,1.6003563201434796
intermediate,17.951919392137807
very_bad,456.55681704308796
very_horrible,169.01307763836564
