tracktype,length
grade1,74.45521649980826
grade2,202.25800483173225
grade3,1223.3930277781503
grade4,10420.97223102567
grade5,8664.384417296835
