tracktype,length
grade1,3.5281190599338252
grade2,12.326898714681787
grade3,5.340822411434759
