tracktype,length
grade1,7.647554143245294
grade2,82.75903764515238
grade3,1139.7896337029558
grade4,1141.0870594404116
grade5,927.7469175871814
