tracktype,length
grade1,5.472287850466018
grade2,7.203792171867317
grade3,38.84367301437095
