smoothness,length
bad,21.030168829176233
good,17.124681139514646
intermediate,23.85888221866904
very_bad,7.959514015206222
