tracktype,length
\,0.7299888893442384
grade1,428.0161404947044
grade2,934.4612818884939
grade3,1535.326178160772
grade4,2079.1971053761345
grade5,1252.7934450771882
residential,0.899490108323274
