surface,length
asphalt,2035.5425751231608
concrete,0.25480823529365226
dirt,5.990016736218437
gravel,9.846976601312544
paved,235.71183893838136
unpaved,5157.91228885951
