tracktype,length
grade1,63.78787122467169
grade2,2.3309190263998123
grade5,4.377471632160865
