tracktype,length
grade1,11.708410534436508
grade2,64.05373297242993
grade3,167.54045986760372
grade4,224.9844849366342
