tracktype,length
grade1,613.1337609545784
grade2,1877.827092144267
grade3,883.3780752738405
grade4,668.2866653776414
grade5,750.6850671667356
