smoothness,length
bad,159.18471709538758
good,0.9380733205660065
horrible,435.2110565806076
impassable,2.1657423136386798
intermediate,11.88741225580499
very_bad,101.78211618214911
very_horrible,11.601638942480337
