smoothness,length
bad,31.817490434297536
horrible,41.458547543126365
intermediate,11.24083323647221
