tracktype,length
grade1,125.25793258282289
grade2,98.98342725126446
grade3,197.5564205675609
grade4,69.5421145814179
grade5,147.8268744404456
