tracktype,length
grade1,0.4069092625819651
grade2,322.0121967448114
grade3,958.2594324030845
grade3; grade2,0.5128935354779423
grade4,117.36928323549714
grade5,24.971772248323216
