smoothness,length
bad,247.32504277536992
good,29.094078111593937
horrible,18.656532114839735
impassable,0.09450520302263571
very_bad,62.23289419005393
very_good,5.553209060473379
