tracktype,length
grade,3.79510992761555
grade1,0.26587062184901433
grade2,974.4658101394261
grade3,1184.3946540071472
grade4,413.17739956101
grade5,48.561364566150694
