smoothness,length
bad,209.7940585691365
good,28.715289014114987
horrible,24.460558567663117
very_bad,325.63070138806785
