tracktype,length
grade1,6.478652043762569
grade2,109.28334579216175
grade3,394.19691393993725
grade4,112.96453778523747
grade5,46.199888032656695
x,0.9307310171897386
