tracktype,length
grade1,62.78243276254729
grade2,341.4414226162333
grade3,908.7240055824816
grade4,544.2762041424177
grade5,343.44190406239045
