smoothness,length
bad,46.061051423037576
good,42.413227654952536
horrible,652.4114428480694
impassable,0.809740146118748
intermediate,16.847851260421965
very_bad,538.8837915193527
very_horrible,2.2574969873072126
