tracktype,length
grade1,31.63228376563998
grade2,133.4899846898265
grade3,641.3414332119346
grade4,863.737715048268
grade5,154.25022656732625
