smoothness,length
bad,73.26930899029047
excellent,61.76473503718248
good,2.2781836294786917
horrible,1.5785052196289457
impassable,0.02295678500252874
intermediate,83.63901798299074
very_bad,28.230916412761104
