tracktype,length
grade2,10.072244473546766
grade3,27.040835678463704
grade4,25.055994641797376
grade5,2.3407990414852486
