tracktype,length
grade1,90.0926234483449
grade2,971.4603321293026
grade3,596.5118320716899
grade4,1513.1882225824936
grade5,5266.842369067481
