smoothness,length
bad,168.75074686550937
good,34.04465780034088
horrible,3668.199120255792
impassable,3.8081765805501457
intermediate,127.4037964650713
very_bad,1608.2454331536537
very_horrible,601.6974532154487
