tracktype,length
grade1,119.08779175614457
grade2,38.08694927373697
grade3,484.8118434789329
grade4,210.74030393331378
grade4;grade5,3.732183912079767
grade5,124.00077027182144
