tracktype,length
grade1,344.1095021501792
grade2,635.5777935063612
grade3,197.0763238229169
grade4,137.8659058695794
grade5,391.4250163388528
