smoothness,length
bad,252.84501650617136
good,30.762860057677337
horrible,738.8643453358403
impassable,0.9760709387440311
intermediate,181.73242173518034
very_bad,537.3590707148753
very_horrible,18.694851012075816
