tracktype,length
grade1,295.87026402751866
grade2,4602.4168443007975
grade3,9148.670165581014
grade4,7887.989519651405
grade5,5531.632877043864
