tracktype,length
3,0.02284472903476399
grade1,5.695817473945234
grade2,51.47330501672476
grade3,509.18213957230756
grade4,292.7467239430567
grade5,265.00884700063483
