tracktype,length
4,0.2561506807434073
grade1,237.6853428475901
grade2,2297.3674246118644
grade3,26996.003921812047
grade4,8249.72170320782
grade5,9579.48931879745
