smoothness,length
bad,1027.907964778898
excellent,13.448062315280747
good,1579.8936296709496
horrible,901.7834620169014
intermediate,908.9997107164376
very_bad,674.0583183121636
very_horrible,26.431512192734143
