tracktype,length
grade1,1.6150478844494796
grade2,39.00170670906372
grade3,1107.884099538535
grade4,3373.887785333626
grade5,3115.943516411819
