tracktype,length
grade3,42.45818841062732
grade4,2.6080991473354835
