smoothness,length
bad,104.67645705489502
good,0.894719089809061
horrible,11.939297627576968
very_horrible,11.218364860620435
