tracktype,length
grade1,0.17363182933664248
grade2,2.023819857244665
grade3,117.37017134523956
grade4,0.2644729233799065
grade5,4.341519900563578
