smoothness,length
bad,112.15642752541629
good,111.1941757241676
intermediate,5.287359036242836
poor,14.093485344168553
very_bad,4.677998908427192
very_horrible,3.5740214797760155
