tracktype,length
grade1,0.4273433365788248
grade2,0.12941644984492431
grade3,186.20812265042156
grade4,2.0509280010569197
