smoothness,length
bad,0.45638963031209473
excellent,70.7269534991717
good,51.8720002978401
horrible,141.94942567102706
intermediate,1.4812307751235214
very_bad,51.86644345534525
