tracktype,length
grade1,7.7441624678293834
grade2,6.223601404773584
grade3,40.03909311448762
grade4,14.972296465142183
grade5,6.266257709343213
