smoothness,length
bad,359.29209531498026
horrible,136.28406688493385
intermediate,55.847120586479484
very_bad,317.3744136534536
very_horrible,31.717794596847828
