tracktype,length
grade2,28983.8243098094
grade2; grade5,19.09142453289638
grade3,8.640824961273252
grade4,127.48374955096361
grade5,1272.704594218532
