smoothness,length
bad,4.0166041817606
good,0.787509618756091
horrible,152.9716108883372
intermediate,21.966870805455986
very_bad,3.499128609880243
