tracktype,length
\,0.2716764392875836
grade1,6.739873872931926
grade2,53.374235656382304
grade3,468.3812588303831
grade4,120.08463983060985
grade4; grade3,2.907195141640494
grade5,522.535124224705
