tracktype,length
grade1,72.87427981927873
grade2,402.33011836788586
grade3,290.51540831873723
grade4,786.2057645315
grade5,1174.6980895978816
