smoothness,length
bad,305.47742913302875
excellent,9.818994454413827
good,194.09004757184817
horrible,123.49249518997689
very_bad,415.5937826019494
very_horrible,54.61009763854513
