smoothness,length
bad,0.7901050308300972
good,0.8169699833975113
impassable,12.750473294378201
intermediate,0.11091127377368673
very_bad,4.0752980432138095
very_horrible,25.416636476233258
