tracktype,length
grade1,1.8674833463444214
grade2,19.744757333331574
grade3,16.520637344496986
grade4,14.217751148941323
grade5,5.290909979457316
