tracktype,length
Davédi-Hové,1.4580151653045097
Zabzugu & Tatale,1.7209127218330917
grade1,6.749795856577016
grade2,240.04670706888794
grade3,1108.8560487820164
grade4,440.3113525539438
grade5,99.46508340279313
