smoothness,length
bad,138.8067319040328
horrible,24.351559260943116
very_bad,155.69205521080573
