tracktype,length
grade2,283.52520490622373
grade3,1020.394436925912
grade4,226.80887610383968
grade5,147.74246422305595
