surface,length
asphalt,222.84756036033048
concrete,0.0817976298074737
dirt,7.494958383365487
gravel,104.78048257767021
ground,2224.170767425603
sand,321.2566817963498
unpaved,2691.179395419472
