smoothness,length
bad,807.0778279446587
excellent,6.517059673081825
good,72.23636336698085
horrible,295.12023818432215
intermediate,645.3589756443444
very_bad,889.0638342489104
very_horrible,23.51596199224846
