tracktype,length
Cutline,49.469761452578325
grade1,272.70375695847446
grade2,749.888622534444
grade3,3921.9128067336947
grade4,2201.3898100090264
grade4;grade1,0.9691849095708909
grade5,1726.564269328469
